unix_timestamp,Agile Import price (p/kWh),Agile Export price (p/kWh),Asset_load,New_asset_load,New_asset_load_rolling,Carbon Intensity
1717282800,14.91,7.45,1,0,,116.0
1717284600,14.91,7.45,1,1,,114.0
1717286400,14.91,7.45,1,1,,112.0
1717288200,14.91,7.45,1,1,,107.0
1717290000,14.91,7.45,1,1,,101.0
1717291800,14.7,7.36,1,1,,102.0
1717293600,12.81,6.51,1,1,,102.0
1717295400,12.81,6.51,1,1,,105.0
1717297200,12.81,6.51,1,1,,93.0
1717299000,12.6,6.42,1,1,,89.0
1717300800,11.97,6.14,1,0,,97.0
1717302600,10.52,5.49,1,1,,93.0
1717304400,10.08,5.29,1,1,,78.0
1717306200,12.1,6.19,1,1,,66.0
1717308000,10.92,5.67,1,1,,57.0
1717309800,13.02,6.61,1,1,,54.0
1717311600,12.26,6.27,1,1,,52.0
1717313400,13.02,6.61,1,1,,55.0
1717315200,11.97,6.14,1,1,,57.0
1717317000,11.97,6.14,1,1,,57.0
1717318800,11.97,6.14,1,0,,68.0
1717320600,11.97,6.14,1,1,,57.0
1717322400,11.97,6.14,1,1,,46.0
1717324200,10.5,5.48,1,1,,48.0
1717326000,10.92,5.67,1,1,,40.0
1717327800,10.5,5.48,1,1,,42.0
1717329600,13.02,6.61,1,1,,53.0
1717331400,10.52,5.49,1,1,,73.0
1717333200,10.5,5.48,1,1,,84.0
1717335000,10.5,5.48,1,1,,99.0
1717336800,10.5,5.48,1,0,,104.0
1717338600,10.52,5.49,1,1,,109.0
1717340400,25.2,11.75,1,1,,118.0
1717342200,27.72,12.88,1,1,,135.0
1717344000,31.84,14.72,1,1,,137.0
1717345800,33.47,15.45,1,1,,141.0
1717347600,32.76,15.13,1,1,,152.0
1717349400,33.89,15.64,1,1,,153.0
1717351200,18.92,9.25,1,1,,162.0
1717353000,19.45,9.48,1,1,,166.0
1717354800,19.17,9.36,1,0,,178.0
1717356600,18.06,8.86,1,1,,190.0
1717358400,19.34,9.44,1,1,,186.0
1717360200,18.48,9.05,1,1,,180.0
1717362000,18.48,9.05,1,1,,175.0
1717363800,17.75,8.72,1,1,,151.0
1717365600,17.22,8.49,1,1,,139.0
1717367400,16.8,8.3,1,1,,138.0
1717369200,15.88,7.89,1,1,,159.0
1717371000,15.46,7.7,1,1,,
1717372800,14.45,7.25,1,0,,
1717374600,14.45,7.25,1,1,,
1717376400,13.44,6.8,1,1,,
1717378200,13.44,6.8,1,1,,
1717380000,13.44,6.8,1,1,,
1717381800,12.83,6.52,1,1,,
1717383600,13.88,6.99,1,1,,
1717385400,13.1,6.65,1,1,,
1717387200,14.07,7.08,1,1,,
1717389000,14.89,7.44,1,1,,
1717390800,16.8,8.3,1,0,,
1717392600,18.88,9.23,1,1,,
1717394400,20.68,10.04,1,1,,
1717396200,24.57,11.78,1,1,,
1717398000,19.74,9.62,1,1,,
1717399800,20.16,9.8,1,1,,
1717401600,18.27,8.96,1,1,,
1717403400,17.14,8.45,1,1,,
1717405200,18.14,8.9,1,1,,
1717407000,18.06,8.86,1,1,,
1717408800,17.22,8.49,1,0,,
1717410600,16.53,8.18,1,1,,
1717412400,16.51,8.17,1,1,,
1717414200,15.75,7.83,1,1,,
1717416000,15.33,7.64,1,1,,
1717417800,15.12,7.55,1,1,,
1717419600,15.12,7.55,1,1,,
1717421400,14.53,7.28,1,1,,
1717423200,15.09,7.53,1,1,,
1717425000,15.98,7.93,1,1,,
1717426800,30.2,13.99,1,0,,
1717428600,31.96,14.78,1,1,,
1717430400,34.92,16.1,1,1,,
1717432200,33.6,15.51,1,1,,
1717434000,36.71,16.9,1,1,,
1717435800,35.91,16.54,1,1,,
1717437600,24.78,11.87,1,1,,
1717439400,23.52,11.31,1,1,,
1717441200,23.31,11.21,1,1,,
1717443000,22.87,11.02,1,1,,
1717444800,21.63,10.46,1,0,,
1717446600,19.8,9.64,1,1,,
1717448400,19.49,9.5,1,1,,
1717450200,17.64,8.68,1,1,,
1717452000,18.69,9.15,1,1,,
1717453800,20.16,9.8,1,1,,
1717455600,17.91,8.8,1,1,,
1717457400,17.6,8.66,1,1,,
1717459200,17.3,8.53,1,1,,
1717461000,16.97,8.38,1,1,0.9,
1717462800,15.64,7.78,1,0,0.9,
1717464600,14.28,7.17,1,1,0.9,
1717466400,13.27,6.72,1,1,0.9,
1717468200,11.97,6.14,1,1,0.9,
1717470000,14.74,7.38,1,1,0.9,
1717471800,13.65,6.89,1,1,0.9,
1717473600,15.12,7.55,1,1,0.9,
1717475400,15.6,7.76,1,1,0.9,
1717477200,20.18,9.81,1,1,0.9,
1717479000,23.1,11.12,1,1,0.9,
1717480800,22.89,11.03,1,0,0.9,
1717482600,25.43,12.16,1,1,0.9,
1717484400,18.9,9.24,1,1,0.9,
1717486200,17.77,8.73,1,1,0.9,
1717488000,15.75,7.83,1,1,0.9,
1717489800,14.38,7.22,1,1,0.9,
1717491600,13.15,6.66,1,1,0.9,
1717493400,11.78,6.05,1,1,0.9,
1717495200,11.34,5.86,1,1,0.9,
1717497000,10.71,5.57,1,1,0.9,
1717498800,8.65,4.65,1,0,0.9,
1717500600,7.46,4.12,1,1,0.9,
1717502400,6.57,3.72,1,1,0.9,
1717504200,4.67,2.87,1,1,0.9,
1717506000,8.4,4.54,1,1,0.9,
1717507800,6.93,3.88,1,1,0.9,
1717509600,6.87,3.85,1,1,0.9,
1717511400,8.19,4.45,1,1,0.9,
1717513200,24.25,11.33,1,1,0.9,
1717515000,27.51,12.78,1,1,0.9,
1717516800,29.61,13.72,1,0,0.9,
1717518600,31.06,14.37,1,1,0.9,
1717520400,35.2,16.22,1,1,0.9,
1717522200,35.07,16.17,1,1,0.9,
1717524000,21.42,10.37,1,1,0.9,
1717525800,20.83,10.1,1,1,0.9,
1717527600,21.9,10.58,1,1,0.9,
1717529400,22.51,10.86,1,1,0.9,
1717531200,20.79,10.09,1,1,0.9,
1717533000,18.63,9.12,1,1,0.9,
1717534800,15.83,7.87,1,0,0.9,
1717536600,12.39,6.33,1,1,0.9,
1717538400,9.53,5.05,1,1,0.9,
1717540200,5.04,3.04,1,1,0.9,
1717542000,6.59,3.73,1,1,0.9,
1717543800,3.25,2.24,1,12,1.01,
1717545600,6.85,3.84,1,1,1.01,
1717547400,7.56,4.16,1,1,1.01,
1717549200,6.93,3.88,1,1,1.01,
1717551000,5.25,3.13,1,1,1.01,
1717552800,7.56,4.16,1,0,1.01,
1717554600,7.31,4.05,1,1,1.01,
1717556400,6.89,3.86,1,1,1.01,
1717558200,5.67,3.32,1,1,1.01,
1717560000,8.82,4.73,1,1,1.01,
1717561800,10.29,5.39,1,1,1.01,
1717563600,13.65,6.89,1,1,1.01,
1717565400,19.07,9.32,1,1,1.01,
1717567200,16.44,8.14,1,1,1.01,
1717569000,18.42,9.02,1,1,1.01,
1717570800,18.88,9.23,1,0,1.01,
1717572600,18.48,9.05,1,1,1.01,
1717574400,16.57,8.2,1,1,1.01,
1717576200,15.75,7.83,1,1,1.01,
1717578000,12.26,6.27,1,1,1.01,
1717579800,10.77,5.6,1,1,1.01,
1717581600,10.49,5.48,1,1,1.01,
1717583400,10.08,5.29,1,1,1.01,
1717585200,9.91,5.22,1,1,1.01,
1717587000,8.9,4.77,1,1,1.01,
1717588800,7.14,3.98,1,0,1.01,
1717590600,5.61,3.29,1,1,1.01,
1717592400,5.46,3.22,1,1,1.01,
1717594200,4.62,2.85,1,1,1.01,
1717596000,6.72,3.79,1,1,1.01,
1717597800,8.23,4.46,1,1,1.01,
1717599600,23.94,11.19,1,1,1.01,
1717601400,25.62,11.94,1,1,1.01,
1717603200,29.4,13.63,1,1,1.01,
1717605000,30.24,14.01,1,1,1.01,
1717606800,34.02,15.7,1,0,1.01,
1717608600,33.18,15.32,1,1,1.01,
1717610400,22.18,10.71,1,1,1.01,
1717612200,22.18,10.71,1,1,1.01,
1717614000,22.05,10.65,1,1,1.01,
1717615800,21.84,10.56,1,1,1.01,
1717617600,21.97,10.61,1,1,1.01,
1717619400,20.58,9.99,1,1,1.01,
1717621200,20.16,9.8,1,1,1.01,
1717623000,16.57,8.2,1,1,1.01,
1717624800,16.0,7.94,1,0,1.01,
1717626600,15.54,7.74,1,1,1.01,
1717628400,13.65,6.89,1,1,1.01,
1717630200,13.57,6.85,1,1,1.01,
1717632000,13.88,6.99,1,1,1.01,
1717633800,15.27,7.61,1,1,1.01,
1717635600,13.65,6.89,1,1,1.01,
1717637400,13.65,6.89,1,1,1.01,
1717639200,13.63,6.88,1,1,1.01,
1717641000,13.65,6.89,1,1,1.01,
1717642800,16.38,8.11,1,0,1.01,
1717644600,14.76,7.39,1,1,1.01,
1717646400,18.48,9.05,1,1,1.01,
1717648200,19.64,9.57,1,1,1.01,
1717650000,19.82,9.65,1,1,1.01,
1717651800,22.05,10.65,1,1,1.01,
1717653600,18.9,9.24,1,1,1.01,
1717655400,20.5,9.95,1,1,1.01,
1717657200,19.93,9.7,1,1,1.01,
1717659000,19.36,9.45,1,1,1.01,
1717660800,18.52,9.07,1,0,1.01,
1717662600,17.47,8.6,1,1,1.01,
1717664400,15.64,7.78,1,1,1.01,
1717666200,15.64,7.78,1,1,1.01,
1717668000,15.64,7.78,1,1,1.01,
1717669800,15.64,7.78,1,1,1.01,
1717671600,14.72,7.37,1,1,1.01,
1717673400,13.84,6.97,1,1,1.01,
1717675200,12.89,6.55,1,1,1.01,
1717677000,11.74,6.03,1,1,1.01,
1717678800,11.13,5.76,1,0,1.01,
1717680600,10.42,5.44,1,1,1.01,
1717682400,10.92,5.67,1,1,1.01,
1717684200,11.13,5.76,1,1,1.01,
1717686000,28.14,13.07,1,1,1.01,
1717687800,28.98,13.44,1,1,1.01,
1717689600,31.79,14.7,1,1,1.01,
1717691400,31.08,14.38,1,1,1.01,
1717693200,33.94,15.66,1,1,1.01,
1717695000,34.36,15.85,1,1,1.01,
1717696800,23.65,11.36,1,0,1.01,
1717698600,23.02,11.08,1,1,1.01,
1717700400,23.88,11.47,1,1,1.01,
1717702200,23.88,11.47,1,1,1.01,
1717704000,21.84,10.56,1,1,1.01,
1717705800,20.16,9.8,1,1,1.01,
1717707600,18.9,9.24,1,1,1.01,
1717709400,16.7,8.25,1,1,1.01,
1717711200,18.06,8.86,1,1,1.01,
1717713000,17.85,8.77,1,1,1.01,
1717714800,16.48,8.16,1,0,1.01,
1717716600,17.2,8.48,1,1,1.01,
1717718400,15.64,7.78,1,1,1.01,
1717720200,17.9,8.8,1,1,1.01,
1717722000,17.64,8.68,1,1,1.01,
1717723800,15.56,7.75,1,1,0.9,
1717725600,15.56,7.75,1,1,0.9,
1717727400,15.12,7.55,1,1,0.9,
1717729200,15.56,7.75,1,1,0.9,
1717731000,14.28,7.17,1,1,0.9,
1717732800,15.56,7.75,1,0,0.9,
1717734600,16.13,8.0,1,1,0.9,
1717736400,16.02,7.95,1,1,0.9,
1717738200,21.19,10.26,1,1,0.9,
1717740000,15.79,7.85,1,1,0.9,
1717741800,18.57,9.1,1,1,0.9,
1717743600,15.56,7.75,1,1,0.9,
1717745400,14.93,7.46,1,1,0.9,
1717747200,14.2,7.13,1,1,0.9,
1717749000,12.43,6.34,1,1,0.9,
1717750800,10.5,5.48,1,0,0.9,
1717752600,9.51,5.04,1,1,0.9,
1717754400,8.4,4.54,1,1,0.9,
1717756200,8.61,4.63,1,1,0.9,
1717758000,8.36,4.52,1,1,0.9,
1717759800,7.35,4.07,1,1,0.9,
1717761600,5.88,3.41,1,1,0.9,
1717763400,4.01,2.58,1,1,0.9,
1717765200,4.2,2.66,1,1,0.9,
1717767000,4.2,2.66,1,1,0.9,
1717768800,5.46,3.22,1,0,0.9,
1717770600,7.35,4.07,1,1,0.9,
1717772400,23.08,10.8,1,1,0.9,
1717774200,26.25,12.22,1,1,0.9,
1717776000,27.66,12.85,1,1,0.9,
1717777800,29.46,13.66,1,1,0.9,
1717779600,32.11,14.84,1,1,0.9,
1717781400,32.93,15.21,1,1,0.9,
1717783200,19.95,9.71,1,1,0.9,
1717785000,20.03,9.75,1,1,0.9,
1717786800,20.87,10.12,1,0,0.9,
1717788600,20.5,9.95,1,1,0.9,
1717790400,19.82,9.65,1,1,0.9,
1717792200,19.74,9.62,1,1,0.9,
1717794000,18.9,9.24,1,1,0.9,
1717795800,14.77,7.39,1,1,0.9,
1717797600,18.27,8.96,1,1,0.9,
1717799400,15.02,7.5,1,1,0.9,
1717801200,13.61,6.87,1,1,0.9,
1717803000,9.61,5.08,1,1,0.9,
1717804800,7.31,4.05,1,0,0.9,
1717806600,7.67,4.21,1,1,0.9,
1717808400,8.74,4.69,1,1,0.9,
1717810200,5.92,3.43,1,1,0.9,
1717812000,6.3,3.6,1,1,0.9,
1717813800,7.35,4.07,1,1,0.9,
1717815600,7.33,4.06,1,1,0.9,
1717817400,7.35,4.07,1,1,0.9,
1717819200,7.25,4.02,1,1,0.9,
1717821000,7.14,3.98,1,1,0.9,
1717822800,7.39,4.09,1,0,0.9,
1717824600,9.87,5.2,1,1,0.9,
1717826400,5.5,3.24,1,1,0.9,
1717828200,5.67,3.32,1,1,0.9,
1717830000,3.04,2.14,1,1,0.9,
1717831800,3.15,2.19,1,1,0.9,
1717833600,1.16,1.3,1,1,0.9,
1717835400,1.64,1.51,1,1,0.9,
1717837200,0.78,1.13,1,1,0.9,
1717839000,0.34,0.93,1,2,0.91,
1717840800,-0.84,0.4,1,0,0.91,
1717842600,-1.93,0.0,1,1,0.91,
1717844400,-1.89,0.0,1,1,0.91,
1717846200,-5.78,0.0,1,1,0.91,
1717848000,-6.51,0.0,1,1,0.91,
1717849800,-8.4,0.0,1,21,1.11,
1717851600,-6.09,0.0,1,1,1.11,
1717853400,-6.3,0.0,1,1,1.11,
1717855200,-1.76,0.0,1,1,1.11,
1717857000,0.84,1.16,1,1,1.11,
1717858800,11.63,5.68,1,0,1.11,
1717860600,16.97,8.07,1,1,1.11,
1717862400,16.8,7.99,1,1,1.11,
1717864200,26.46,12.31,1,1,1.11,
1717866000,28.77,13.35,1,1,1.11,
1717867800,31.5,14.57,1,1,1.11,
1717869600,17.85,8.77,1,1,1.11,
1717871400,17.85,8.77,1,1,1.11,
1717873200,20.02,9.74,1,1,1.11,
1717875000,19.32,9.43,1,1,1.11,
1717876800,19.95,9.71,1,0,1.11,
1717878600,18.29,8.97,1,1,1.11,
1717880400,17.75,8.72,1,1,1.11,
1717882200,14.93,7.46,1,1,1.11,
1717884000,12.54,6.39,1,1,1.11,
1717885800,8.71,4.68,1,1,1.11,
1717887600,7.06,3.94,1,1,1.11,
1717889400,3.72,2.44,1,1,1.11,
1717891200,2.5,1.9,1,1,1.11,
1717893000,2.5,1.9,1,1,1.11,
1717894800,2.9,2.08,1,0,1.11,
1717896600,0.13,0.84,1,1,1.11,
1717898400,2.06,1.7,1,1,1.11,
1717900200,2.1,1.72,1,1,1.11,
1717902000,3.78,2.47,1,1,1.11,
1717903800,2.21,1.77,1,1,1.11,
1717905600,2.21,1.77,1,1,1.11,
1717907400,2.21,1.77,1,1,1.11,
1717909200,1.34,1.38,1,1,1.11,
1717911000,4.56,2.82,1,1,1.11,
1717912800,0.0,0.78,1,0,1.11,
1717914600,0.0,0.78,1,1,1.11,
1717916400,-0.32,0.64,1,1,1.11,
1717918200,2.1,1.72,1,1,1.11,
1717920000,-1.34,0.18,1,1,1.11,
1717921800,2.04,1.69,1,1,1.11,
1717923600,-2.0,0.0,1,5,1.15,
1717925400,-1.47,0.12,1,1,1.15,
1717927200,-1.11,0.28,1,1,1.15,
1717929000,0.42,0.97,1,1,1.15,
1717930800,2.52,1.91,1,0,1.15,
1717932600,1.01,1.23,1,1,1.15,
1717934400,1.95,1.65,1,1,1.15,
1717936200,2.1,1.72,1,1,1.15,
1717938000,-0.21,0.69,1,2,1.16,
1717939800,0.21,0.87,1,1,1.16,
1717941600,3.04,2.14,1,1,1.16,
1717943400,7.18,3.99,1,1,1.16,
1717945200,26.25,12.22,1,1,1.16,
1717947000,30.24,14.01,1,1,1.16,
1717948800,31.92,14.76,1,0,1.16,
1717950600,33.01,15.25,1,1,1.16,
1717952400,32.82,15.16,1,1,1.16,
1717954200,33.56,15.49,1,1,1.16,
1717956000,19.24,9.39,1,1,1.16,
1717957800,19.53,9.52,1,1,1.16,
1717959600,22.25,10.74,1,1,1.16,
1717961400,20.5,9.95,1,1,1.16,
1717963200,21.25,10.29,1,1,1.16,
1717965000,19.95,9.71,1,1,1.16,
1717966800,18.06,8.86,1,0,1.16,
1717968600,13.65,6.89,1,1,1.16,
1717970400,18.27,8.96,1,1,1.16,
1717972200,16.8,8.3,1,1,1.16,
1717974000,14.28,7.17,1,1,1.16,
1717975800,11.76,6.04,1,1,1.16,
1717977600,11.55,5.95,1,1,1.16,
1717979400,10.5,5.48,1,1,1.16,
1717981200,12.18,6.23,1,1,1.16,
1717983000,9.45,5.01,1,2,1.17,
1717984800,10.42,5.44,1,0,1.17,
1717986600,10.88,5.65,1,1,1.17,
1717988400,13.65,6.89,1,1,1.17,
1717990200,13.65,6.89,1,1,1.17,
1717992000,13.65,6.89,1,1,1.17,
1717993800,11.76,6.04,1,1,1.17,
1717995600,16.11,7.99,1,1,1.17,
1717997400,21.17,10.26,1,1,1.17,
1717999200,20.16,9.8,1,1,1.17,
1718001000,23.1,11.12,1,1,1.17,
1718002800,22.18,10.71,1,0,1.17,
1718004600,19.78,9.63,1,1,1.17,
1718006400,18.5,9.06,1,1,1.17,
1718008200,16.8,8.3,1,1,1.17,
1718010000,15.44,7.69,1,1,1.17,
1718011800,15.6,7.76,1,1,1.17,
1718013600,13.5,6.82,1,1,1.17,
1718015400,12.6,6.42,1,1,1.17,
1718017200,11.4,5.88,1,1,1.17,
1718019000,10.88,5.65,1,1,1.16,
1718020800,11.13,5.76,1,0,1.16,
1718022600,11.13,5.76,1,1,1.16,
1718024400,10.08,5.29,1,1,1.16,
1718026200,10.5,5.48,1,1,1.16,
1718028000,10.12,5.31,1,1,1.16,
1718029800,11.97,6.14,1,1,0.96,
1718031600,24.15,11.28,1,1,0.96,
1718033400,27.3,12.69,1,1,0.96,
1718035200,29.4,13.63,1,1,0.96,
1718037000,30.07,13.93,1,1,0.96,
1718038800,33.6,15.51,1,0,0.96,
1718040600,34.23,15.79,1,1,0.96,
1718042400,20.16,9.8,1,1,0.96,
1718044200,19.91,9.69,1,1,0.96,
1718046000,18.9,9.24,1,1,0.96,
1718047800,18.48,9.05,1,1,0.96,
1718049600,18.06,8.86,1,1,0.96,
1718051400,16.8,8.3,1,1,0.96,
1718053200,15.6,7.76,1,1,0.96,
1718055000,12.47,6.36,1,1,0.96,
1718056800,13.99,7.04,1,0,0.96,
1718058600,11.55,5.95,1,1,0.96,
1718060400,12.54,6.39,1,1,0.96,
1718062200,11.76,6.04,1,1,0.96,
1718064000,11.49,5.92,1,1,0.96,
1718065800,11.34,5.86,1,1,0.96,
1718067600,10.19,5.34,1,1,0.96,
1718069400,10.08,5.29,1,1,0.96,
1718071200,10.88,5.65,1,1,0.96,
1718073000,9.77,5.15,1,1,0.96,
1718074800,10.92,5.67,1,0,0.96,
1718076600,10.08,5.29,1,1,0.96,
1718078400,12.18,6.23,1,1,0.96,
1718080200,13.59,6.86,1,1,0.96,
1718082000,13.65,6.89,1,1,0.96,
1718083800,16.3,8.07,1,1,0.96,
1718085600,14.7,7.36,1,1,0.96,
1718087400,17.35,8.54,1,1,0.96,
1718089200,16.46,8.15,1,1,0.96,
1718091000,15.97,7.93,1,1,0.96,
1718092800,15.86,7.88,1,0,0.96,
1718094600,15.33,7.64,1,1,0.96,
1718096400,15.5,7.72,1,1,0.96,
1718098200,15.33,7.64,1,1,0.96,
1718100000,16.17,8.02,1,1,0.96,
1718101800,16.38,8.11,1,1,0.96,
1718103600,17.89,8.79,1,1,0.92,
1718105400,18.06,8.86,1,1,0.92,
1718107200,17.89,8.79,1,1,0.92,
1718109000,17.22,8.49,1,1,0.92,
1718110800,16.38,8.11,1,0,0.92,
1718112600,14.9,7.45,1,1,0.92,
1718114400,14.49,7.27,1,1,0.92,
1718116200,15.29,7.62,1,1,0.92,
1718118000,30.53,14.14,1,1,0.91,
1718119800,31.65,14.64,1,1,0.91,
1718121600,31.5,14.57,1,1,0.91,
1718123400,32.7,15.11,1,1,0.91,
1718125200,33.39,15.42,1,1,0.91,
1718127000,33.6,15.51,1,1,0.91,
1718128800,21.71,10.5,1,0,0.91,
1718130600,21.27,10.3,1,1,0.91,
1718132400,21.99,10.62,1,1,0.91,
1718134200,21.71,10.5,1,1,0.91,
1718136000,22.05,10.65,1,1,0.91,
1718137800,19.57,9.54,1,1,0.91,
1718139600,19.43,9.48,1,1,0.91,
1718141400,15.75,7.83,1,1,0.91,
1718143200,16.8,8.3,1,1,0.91,
1718145000,17.11,8.44,1,1,0.91,
1718146800,15.6,7.76,1,0,0.91,
1718148600,14.93,7.46,1,1,0.91,
1718150400,14.97,7.48,1,1,0.91,
1718152200,14.95,7.47,1,1,0.91,
1718154000,14.91,7.45,1,1,0.91,
1718155800,14.85,7.43,1,1,0.91,
1718157600,14.62,7.32,1,1,0.91,
1718159400,14.51,7.28,1,1,0.91,
1718161200,15.75,7.83,1,1,0.91,
1718163000,15.37,7.66,1,1,0.9,
1718164800,20.12,9.79,1,0,0.9,
1718166600,20.54,9.97,1,1,0.9,
1718168400,19.74,9.62,1,1,0.9,
1718170200,18.48,9.05,1,1,0.9,
1718172000,17.2,8.48,1,1,0.9,
1718173800,19.74,9.62,1,1,0.9,
1718175600,17.85,8.77,1,1,0.9,
1718177400,17.95,8.82,1,1,0.9,
1718179200,18.4,9.01,1,1,0.9,
1718181000,18.12,8.89,1,1,0.9,
1718182800,18.12,8.89,1,0,0.9,
1718184600,18.04,8.85,1,1,0.9,
1718186400,19.49,9.5,1,1,0.9,
1718188200,18.98,9.28,1,1,0.9,
1718190000,19.82,9.65,1,1,0.9,
1718191800,19.32,9.43,1,1,0.9,
1718193600,19.8,9.64,1,1,0.9,
1718195400,17.64,8.68,1,1,0.9,
1718197200,16.84,8.32,1,1,0.9,
1718199000,17.01,8.39,1,1,0.9,
1718200800,16.14,8.0,1,0,0.9,
1718202600,18.12,8.89,1,1,0.9,
1718204400,31.33,14.49,1,1,0.9,
1718206200,33.6,15.51,1,1,0.9,
1718208000,31.84,14.72,1,1,0.9,
1718209800,33.14,15.3,1,1,0.9,
1718211600,35.7,16.45,1,1,0.9,
1718213400,35.7,16.45,1,1,0.9,
1718215200,25.2,12.06,1,1,0.9,
1718217000,24.89,11.92,1,1,0.9,
1718218800,24.15,11.59,1,0,0.9,
1718220600,23.44,11.27,1,1,0.9,
1718222400,23.14,11.14,1,1,0.9,
1718224200,21.19,10.26,1,1,0.9,
1718226000,19.3,9.42,1,1,0.9,
1718227800,17.43,8.58,1,1,0.9,
1718229600,17.85,8.77,1,1,0.9,
1718231400,18.9,9.24,1,1,0.9,
1718233200,16.7,8.25,1,1,0.9,
1718235000,16.09,7.98,1,1,0.9,
1718236800,16.04,7.96,1,0,0.9,
1718238600,15.96,7.92,1,1,0.9,
1718240400,15.75,7.83,1,1,0.9,
1718242200,15.2,7.59,1,1,0.9,
1718244000,15.31,7.63,1,1,0.9,
1718245800,14.28,7.17,1,1,0.9,
1718247600,16.07,7.97,1,1,0.9,
1718249400,15.54,7.74,1,1,0.9,
1718251200,14.76,7.39,1,1,0.9,
1718253000,15.6,7.76,1,1,0.9,
1718254800,18.9,9.24,1,0,0.9,
1718256600,20.5,9.95,1,1,0.9,
1718258400,18.73,9.16,1,1,0.9,
1718260200,20.58,9.99,1,1,0.9,
1718262000,19.47,9.49,1,1,0.9,
1718263800,18.94,9.26,1,1,0.9,
1718265600,19.36,9.45,1,1,0.9,
1718267400,18.9,9.24,1,1,0.9,
1718269200,17.64,8.68,1,1,0.9,
1718271000,17.01,8.39,1,1,0.9,
1718272800,17.68,8.69,1,0,0.9,
1718274600,17.79,8.74,1,1,0.9,
1718276400,16.38,8.11,1,1,0.9,
1718278200,16.34,8.09,1,1,0.9,
1718280000,15.5,7.72,1,1,0.9,
1718281800,14.74,7.38,1,1,0.9,
1718283600,13.78,6.95,1,1,0.9,
1718285400,13.61,6.87,1,1,0.9,
1718287200,13.27,6.72,1,1,0.9,
1718289000,14.07,7.08,1,1,0.9,
1718290800,28.14,13.07,1,0,0.9,
1718292600,29.3,13.58,1,1,0.9,
1718294400,33.39,15.42,1,1,0.9,
1718296200,33.39,15.42,1,1,0.9,
1718298000,35.72,16.46,1,1,0.9,
1718299800,34.92,16.1,1,1,0.9,
1718301600,20.18,9.81,1,1,0.9,
1718303400,18.9,9.24,1,1,0.9,
1718305200,20.33,9.88,1,1,0.9,
1718307000,17.66,8.69,1,1,0.9,
1718308800,17.24,8.5,1,0,0.9,
1718310600,15.81,7.86,1,1,0.9,
1718312400,14.47,7.26,1,1,0.9,
1718314200,9.28,4.93,1,1,0.9,
1718316000,11.76,6.04,1,1,0.9,
1718317800,8.55,4.61,1,1,0.9,
1718319600,8.19,4.45,1,1,0.9,
1718321400,8.19,4.45,1,1,0.9,
1718323200,6.72,3.79,1,11,1.0,
1718325000,7.83,4.29,1,1,1.0,
1718326800,7.77,4.26,1,0,1.0,
1718328600,7.18,3.99,1,1,1.0,
1718330400,7.5,4.14,1,1,1.0,
1718332200,7.67,4.21,1,1,1.0,
1718334000,8.22,4.46,1,1,1.0,
1718335800,8.29,4.49,1,1,1.0,
1718337600,9.24,4.92,1,1,1.0,
1718339400,10.85,5.64,1,1,1.0,
1718341200,10.78,5.61,1,1,1.0,
1718343000,18.69,9.15,1,1,1.0,
1718344800,18.27,8.96,1,0,1.0,
1718346600,19.95,9.71,1,1,1.0,
1718348400,18.27,8.96,1,1,1.0,
1718350200,18.82,9.2,1,1,1.0,
1718352000,19.32,9.43,1,1,1.0,
1718353800,18.82,9.2,1,1,1.0,
1718355600,19.28,9.41,1,1,1.0,
1718357400,18.9,9.24,1,1,1.0,
1718359200,18.9,9.24,1,1,1.0,
1718361000,18.9,9.24,1,1,1.0,
1718362800,18.48,9.05,1,0,1.0,
1718364600,17.51,8.62,1,1,1.0,
1718366400,17.01,8.39,1,1,1.0,
1718368200,15.81,7.86,1,1,1.0,
1718370000,13.65,6.89,1,1,1.0,
1718371800,13.96,7.03,1,1,1.0,
1718373600,12.39,6.33,1,1,1.0,
1718375400,13.44,6.8,1,1,1.0,
1718377200,27.22,12.65,1,1,1.0,
1718379000,29.61,13.72,1,1,1.0,
1718380800,29.82,13.82,1,0,1.0,
1718382600,31.92,14.76,1,1,1.0,
1718384400,33.6,15.51,1,1,1.0,
1718386200,33.6,15.51,1,1,1.0,
1718388000,22.3,10.76,1,1,1.0,
1718389800,22.05,10.65,1,1,1.0,
1718391600,21.08,10.22,1,1,1.0,
1718393400,21.0,10.18,1,1,1.0,
1718395200,19.95,9.71,1,1,1.0,
1718397000,18.9,9.24,1,1,1.0,
1718398800,18.05,8.86,1,0,1.0,
1718400600,16.8,8.3,1,1,1.0,
1718402400,21.95,10.6,1,1,1.0,
1718404200,20.5,9.95,1,1,1.0,
1718406000,18.86,9.22,1,1,1.0,
1718407800,17.18,8.47,1,1,1.0,
1718409600,15.58,7.75,1,1,1.0,
1718411400,15.9,7.9,1,1,1.0,
1718413200,14.99,7.49,1,1,1.0,
1718415000,13.88,6.99,1,1,1.0,
1718416800,13.44,6.8,1,0,1.0,
1718418600,12.83,6.52,1,1,1.0,
1718420400,13.96,7.03,1,1,1.0,
1718422200,13.44,6.8,1,1,1.0,
1718424000,13.44,6.8,1,1,1.0,
1718425800,13.1,6.65,1,1,1.0,
1718427600,14.07,7.08,1,1,1.0,
1718429400,16.23,8.05,1,1,1.0,
1718431200,16.17,8.02,1,1,1.0,
1718433000,17.22,8.49,1,1,1.0,
1718434800,18.87,9.23,1,0,1.0,
1718436600,19.32,9.43,1,1,1.0,
1718438400,19.95,9.71,1,1,1.0,
1718440200,19.99,9.73,1,1,1.0,
1718442000,19.82,9.65,1,1,1.0,
1718443800,19.47,9.49,1,1,1.0,
1718445600,16.8,8.3,1,1,1.0,
1718447400,16.38,8.11,1,1,1.0,
1718449200,15.75,7.83,1,1,1.0,
1718451000,14.83,7.42,1,1,1.0,
1718452800,13.65,6.89,1,0,1.0,
1718454600,12.66,6.45,1,1,1.0,
1718456400,12.18,6.23,1,1,1.0,
1718458200,11.97,6.14,1,1,1.0,
1718460000,12.6,6.42,1,1,1.0,
1718461800,12.66,6.45,1,1,1.0,
1718463600,28.56,13.25,1,1,1.0,
1718465400,30.93,14.32,1,1,1.0,
1718467200,32.59,15.06,1,1,1.0,
1718469000,34.44,15.89,1,1,1.0,
1718470800,34.06,15.72,1,0,1.0,
1718472600,34.17,15.76,1,1,1.0,
1718474400,20.33,9.88,1,1,1.0,
1718476200,20.37,9.9,1,1,1.0,
1718478000,19.24,9.39,1,1,1.0,
1718479800,18.94,9.26,1,1,1.0,
1718481600,21.0,10.18,1,1,1.0,
1718483400,18.9,9.24,1,1,1.0,
1718485200,17.39,8.56,1,1,1.0,
1718487000,14.18,7.12,1,1,1.0,
1718488800,17.75,8.72,1,0,1.0,
1718490600,17.22,8.49,1,1,1.0,
1718492400,14.28,7.17,1,1,1.0,
1718494200,10.75,5.59,1,1,1.0,
1718496000,9.03,4.82,1,1,1.0,
1718497800,11.84,6.08,1,1,1.0,
1718499600,10.08,5.29,1,1,1.0,
1718501400,6.3,3.6,1,1,1.0,
1718503200,4.47,2.78,1,1,0.9,
1718505000,4.07,2.6,1,2,0.91,
1718506800,4.2,2.66,1,0,0.91,
1718508600,2.1,1.72,1,1,0.91,
1718510400,1.68,1.53,1,1,0.91,
1718512200,1.47,1.44,1,21,1.11,
1718514000,1.87,1.62,1,1,1.11,
1718515800,2.46,1.88,1,1,1.11,
1718517600,5.04,3.04,1,1,1.11,
1718519400,9.39,4.98,1,1,1.11,
1718521200,9.45,5.01,1,1,1.11,
1718523000,10.92,5.67,1,1,1.11,
1718524800,11.13,5.76,1,0,1.11,
1718526600,12.39,6.33,1,1,1.11,
1718528400,13.86,6.98,1,1,1.11,
1718530200,13.84,6.97,1,1,1.11,
1718532000,14.51,7.28,1,1,1.11,
1718533800,14.38,7.22,1,1,1.11,
1718535600,15.54,7.74,1,1,1.11,
1718537400,14.15,7.12,1,1,1.11,
1718539200,13.02,6.61,1,1,1.11,
1718541000,11.55,5.95,1,1,1.11,
1718542800,10.71,5.57,1,2,1.13,
1718544600,11.55,5.95,1,1,1.13,
1718546400,11.55,5.95,1,1,1.13,
1718548200,13.84,6.97,1,1,1.13,
1718550000,28.58,13.26,1,1,1.13,
1718551800,30.49,14.12,1,1,1.13,
1718553600,31.23,14.45,1,1,1.13,
1718555400,32.66,15.09,1,1,1.13,
1718557200,32.3,14.93,1,1,1.13,
1718559000,32.13,14.85,1,1,1.13,
1718560800,20.31,9.87,1,0,1.13,
1718562600,20.75,10.07,1,1,1.13,
1718564400,22.5,10.85,1,1,1.13,
1718566200,20.79,10.09,1,1,1.13,
1718568000,21.21,10.27,1,1,1.13,
1718569800,20.37,9.9,1,1,1.13,
1718571600,17.95,8.82,1,1,1.13,
1718573400,16.27,8.06,1,1,1.13,
1718575200,16.72,8.26,1,1,1.13,
1718577000,16.8,8.3,1,1,1.13,
1718578800,15.2,7.59,1,0,1.13,
1718580600,14.53,7.28,1,1,1.13,
1718582400,14.24,7.15,1,1,1.13,
1718584200,14.28,7.17,1,1,1.13,
1718586000,15.12,7.55,1,1,1.13,
1718587800,14.57,7.3,1,1,1.13,
1718589600,15.54,7.74,1,1,1.13,
1718591400,14.87,7.44,1,1,1.13,
1718593200,14.91,7.45,1,1,1.13,
1718595000,14.91,7.45,1,1,1.13,
1718596800,17.64,8.68,1,0,1.13,
1718598600,18.1,8.88,1,1,1.13,
1718600400,19.95,9.71,1,1,1.13,
1718602200,21.63,10.46,1,1,1.13,
1718604000,18.48,9.05,1,1,1.13,
1718605800,22.05,10.65,1,1,1.13,
1718607600,18.56,9.09,1,1,1.13,
1718609400,18.02,8.85,1,1,1.13,
1718611200,18.21,8.93,1,1,1.13,
1718613000,17.72,8.71,1,1,1.13,
1718614800,17.22,8.49,1,0,1.13,
1718616600,15.75,7.83,1,1,1.13,
1718618400,17.64,8.68,1,1,1.13,
1718620200,17.3,8.53,1,1,1.13,
1718622000,18.69,9.15,1,1,1.13,
1718623800,18.27,8.96,1,1,1.13,
1718625600,18.06,8.86,1,1,1.13,
1718627400,16.59,8.21,1,1,1.13,
1718629200,16.72,8.26,1,1,1.13,
1718631000,16.17,8.02,1,1,1.13,
1718632800,16.4,8.12,1,0,1.13,
1718634600,16.59,8.21,1,1,1.13,
1718636400,29.48,13.67,1,1,1.13,
1718638200,31.29,14.48,1,1,1.13,
1718640000,32.47,15.0,1,1,1.13,
1718641800,33.75,15.58,1,1,1.13,
1718643600,37.38,17.2,1,1,1.13,
1718645400,37.8,17.39,1,1,1.13,
1718647200,25.28,12.1,1,1,1.13,
1718649000,25.03,11.98,1,1,1.13,
1718650800,23.6,11.35,1,0,1.13,
1718652600,23.33,11.22,1,1,1.13,
1718654400,22.05,10.65,1,1,1.13,
1718656200,21.21,10.27,1,1,1.13,
1718658000,19.26,9.4,1,1,1.13,
1718659800,18.27,8.96,1,1,1.13,
1718661600,16.76,8.28,1,1,1.13,
1718663400,16.38,8.11,1,1,1.13,
1718665200,16.04,7.96,1,1,1.13,
1718667000,15.96,7.92,1,1,1.13,
1718668800,15.22,7.6,1,0,1.13,
1718670600,15.71,7.81,1,1,1.13,
1718672400,15.75,7.83,1,1,1.13,
1718674200,15.52,7.73,1,1,1.13,
1718676000,15.67,7.79,1,1,1.13,
1718677800,15.54,7.74,1,1,1.13,
1718679600,15.79,7.85,1,1,1.13,
1718681400,15.04,7.51,1,1,1.13,
1718683200,17.11,8.44,1,1,1.13,
1718685000,16.3,8.07,1,1,1.12,
1718686800,18.48,9.05,1,0,1.12,
1718688600,20.16,9.8,1,1,1.12,
1718690400,16.53,8.18,1,1,1.12,
1718692200,20.87,10.12,1,1,0.92,
1718694000,21.63,10.46,1,1,0.92,
1718695800,21.42,10.37,1,1,0.92,
1718697600,21.11,10.23,1,1,0.92,
1718699400,20.79,10.09,1,1,0.92,
1718701200,19.78,9.63,1,1,0.92,
1718703000,19.49,9.5,1,1,0.92,
1718704800,18.91,9.24,1,0,0.92,
1718706600,18.82,9.2,1,1,0.92,
1718708400,18.48,9.05,1,1,0.92,
1718710200,17.83,8.76,1,1,0.92,
1718712000,16.51,8.17,1,1,0.92,
1718713800,15.82,7.86,1,1,0.92,
1718715600,15.41,7.68,1,1,0.92,
1718717400,15.37,7.66,1,1,0.92,
1718719200,15.33,7.64,1,1,0.92,
1718721000,15.75,7.83,1,1,0.92,
1718722800,30.51,14.13,1,0,0.9,
1718724600,32.36,14.96,1,1,0.9,
1718726400,33.62,15.52,1,1,0.9,
1718728200,35.07,16.17,1,1,0.9,
1718730000,34.92,16.1,1,1,0.9,
1718731800,35.28,16.26,1,1,0.9,
1718733600,23.18,11.16,1,1,0.9,
1718735400,23.18,11.16,1,1,0.9,
1718737200,21.13,10.24,1,1,0.9,
1718739000,20.84,10.11,1,1,0.9,
1718740800,19.05,9.31,1,0,0.9,
1718742600,18.08,8.87,1,1,0.9,
1718744400,16.91,8.35,1,1,0.9,
1718746200,15.39,7.67,1,1,0.9,
1718748000,16.48,8.16,1,1,0.9,
1718749800,17.85,8.77,1,1,0.9,
1718751600,15.83,7.87,1,1,0.9,
1718753400,15.69,7.8,1,1,0.9,
1718755200,14.91,7.45,1,1,0.9,
1718757000,15.05,7.52,1,1,0.9,
1718758800,14.66,7.34,1,0,0.9,
1718760600,14.34,7.2,1,1,0.9,
1718762400,14.3,7.18,1,1,0.9,
1718764200,14.27,7.17,1,1,0.9,
1718766000,14.28,7.17,1,1,0.9,
1718767800,13.41,6.78,1,4,0.93,
1718769600,15.69,7.8,1,1,0.93,
1718771400,15.79,7.85,1,1,0.93,
1718773200,17.85,8.77,1,1,0.93,
1718775000,18.82,9.2,1,1,0.93,
1718776800,16.91,8.35,1,0,0.93,
1718778600,20.58,9.99,1,1,0.93,
1718780400,21.84,10.56,1,1,0.93,
1718782200,21.21,10.27,1,1,0.93,
1718784000,20.54,9.97,1,1,0.93,
1718785800,19.15,9.35,1,1,0.93,
1718787600,18.82,9.2,1,1,0.93,
1718789400,18.48,9.05,1,1,0.93,
1718791200,18.27,8.96,1,1,0.93,
1718793000,17.85,8.77,1,1,0.93,
1718794800,17.54,8.63,1,0,0.93,
1718796600,16.36,8.1,1,1,0.93,
1718798400,15.33,7.64,1,1,0.93,
1718800200,14.38,7.22,1,1,0.93,
1718802000,14.28,7.17,1,1,0.93,
1718803800,13.65,6.89,1,1,0.93,
1718805600,13.65,6.89,1,1,0.93,
1718807400,14.38,7.22,1,1,0.93,
1718809200,27.72,12.88,1,1,0.93,
1718811000,29.67,13.75,1,1,0.93,
1718812800,30.16,13.97,1,0,0.93,
1718814600,31.92,14.76,1,1,0.93,
1718816400,32.97,15.23,1,1,0.93,
1718818200,33.52,15.47,1,1,0.93,
1718820000,21.42,10.37,1,1,0.93,
1718821800,21.42,10.37,1,1,0.93,
1718823600,20.83,10.1,1,1,0.93,
1718825400,20.16,9.8,1,1,0.93,
1718827200,20.2,9.82,1,1,0.93,
1718829000,17.81,8.75,1,1,0.93,
1718830800,17.45,8.59,1,0,0.93,
1718832600,15.69,7.8,1,1,0.93,
1718834400,16.11,7.99,1,1,0.93,
1718836200,15.81,7.86,1,1,0.93,
1718838000,15.54,7.74,1,1,0.93,
1718839800,14.91,7.45,1,1,0.93,
1718841600,14.18,7.12,1,1,0.93,
1718843400,14.87,7.44,1,1,0.93,
1718845200,15.22,7.6,1,1,0.93,
1718847000,15.46,7.7,1,1,0.93,
1718848800,15.46,7.7,1,0,0.93,
1718850600,15.41,7.68,1,1,0.93,
1718852400,15.94,7.91,1,1,0.93,
1718854200,15.81,7.86,1,1,0.93,
1718856000,18.98,9.28,1,1,0.93,
1718857800,19.11,9.33,1,1,0.93,
1718859600,19.11,9.33,1,1,0.93,
1718861400,19.84,9.66,1,1,0.93,
1718863200,17.81,8.75,1,1,0.93,
1718865000,21.12,10.23,1,1,0.93,
1718866800,19.87,9.67,1,0,0.93,
1718868600,18.9,9.24,1,1,0.93,
1718870400,19.3,9.42,1,1,0.93,
1718872200,17.7,8.7,1,1,0.93,
1718874000,16.48,8.16,1,1,0.93,
1718875800,15.81,7.86,1,1,0.93,
1718877600,15.9,7.9,1,1,0.93,
1718879400,15.69,7.8,1,1,0.93,
1718881200,15.22,7.6,1,1,0.93,
1718883000,14.51,7.28,1,1,0.93,
1718884800,15.12,7.55,1,0,0.93,
1718886600,14.52,7.28,1,1,0.93,
1718888400,14.68,7.35,1,1,0.93,
1718890200,14.28,7.17,1,1,0.93,
1718892000,14.28,7.17,1,1,0.93,
1718893800,15.31,7.63,1,1,0.93,
1718895600,30.45,14.1,1,1,0.93,
1718897400,31.08,14.38,1,1,0.93,
1718899200,33.13,15.3,1,1,0.93,
1718901000,34.44,15.89,1,1,0.93,
1718902800,36.71,16.9,1,0,0.93,
1718904600,37.15,17.1,1,1,0.93,
1718906400,22.83,11.0,1,1,0.93,
1718908200,22.51,10.86,1,1,0.93,
1718910000,22.68,10.93,1,1,0.93,
1718911800,22.03,10.64,1,1,0.93,
1718913600,21.13,10.24,1,1,0.93,
1718915400,19.61,9.56,1,1,0.93,
1718917200,19.91,9.69,1,1,0.93,
1718919000,17.22,8.49,1,1,0.93,
1718920800,16.59,8.21,1,0,0.93,
1718922600,18.63,9.12,1,1,0.93,
1718924400,17.89,8.79,1,1,0.93,
1718926200,17.26,8.51,1,1,0.93,
1718928000,16.57,8.2,1,1,0.93,
1718929800,17.22,8.49,1,1,0.93,
1718931600,15.31,7.63,1,1,0.93,
1718933400,14.95,7.47,1,1,0.93,
1718935200,14.8,7.41,1,1,0.93,
1718937000,14.89,7.44,1,1,0.93,
1718938800,15.18,7.58,1,0,0.93,
1718940600,14.6,7.31,1,1,0.93,
1718942400,16.34,8.09,1,1,0.93,
1718944200,16.95,8.37,1,1,0.93,
1718946000,19.59,9.55,1,1,0.93,
1718947800,21.0,10.18,1,1,0.9,
1718949600,19.82,9.65,1,1,0.9,
1718951400,21.32,10.32,1,1,0.9,
1718953200,19.82,9.65,1,1,0.9,
1718955000,19.08,9.32,1,1,0.9,
1718956800,18.23,8.94,1,0,0.9,
1718958600,16.38,8.11,1,1,0.9,
1718960400,14.7,7.36,1,1,0.9,
1718962200,15.2,7.59,1,1,0.9,
1718964000,15.12,7.55,1,1,0.9,
1718965800,14.38,7.22,1,1,0.9,
1718967600,13.86,6.98,1,1,0.9,
1718969400,13.23,6.7,1,1,0.9,
1718971200,13.1,6.65,1,1,0.9,
1718973000,12.73,6.48,1,2,0.91,
1718974800,12.77,6.5,1,0,0.91,
1718976600,12.6,6.42,1,9,0.99,
1718978400,13.23,6.7,1,1,0.99,
1718980200,14.7,7.36,1,1,0.99,
1718982000,29.71,13.77,1,1,0.99,
1718983800,31.82,14.71,1,1,0.99,
1718985600,31.5,14.57,1,1,0.99,
1718987400,31.84,14.72,1,1,0.99,
1718989200,33.1,15.28,1,1,0.99,
1718991000,33.31,15.38,1,1,0.99,
1718992800,19.95,9.71,1,0,0.99,
1718994600,19.74,9.62,1,1,0.99,
1718996400,19.15,9.35,1,1,0.99,
1718998200,18.59,9.1,1,1,0.99,
1719000000,19.74,9.62,1,1,0.99,
1719001800,18.14,8.9,1,1,0.99,
1719003600,18.48,9.05,1,1,0.99,
1719005400,15.96,7.92,1,1,0.99,
1719007200,16.8,8.3,1,1,0.99,
1719009000,16.8,8.3,1,1,0.99,
1719010800,15.75,7.83,1,0,0.99,
1719012600,15.12,7.55,1,1,0.99,
1719014400,15.52,7.73,1,1,0.99,
1719016200,16.76,8.28,1,1,0.99,
1719018000,15.96,7.92,1,1,0.99,
1719019800,14.7,7.36,1,1,0.99,
1719021600,15.2,7.59,1,1,0.99,
1719023400,14.38,7.22,1,1,0.99,
1719025200,16.11,7.99,1,1,0.99,
1719027000,15.22,7.6,1,1,0.99,
1719028800,16.04,7.96,1,0,0.99,
1719030600,16.8,8.3,1,1,0.99,
1719032400,15.54,7.74,1,1,0.99,
1719034200,14.7,7.36,1,1,0.99,
1719036000,14.49,7.27,1,1,0.99,
1719037800,17.24,8.5,1,1,0.99,
1719039600,19.95,9.71,1,1,0.99,
1719041400,19.95,9.71,1,1,0.99,
1719043200,20.27,9.85,1,1,0.99,
1719045000,18.67,9.14,1,1,0.99,
1719046800,19.95,9.71,1,0,0.99,
1719048600,19.32,9.43,1,1,0.99,
1719050400,19.13,9.34,1,1,0.99,
1719052200,18.88,9.23,1,1,0.99,
1719054000,17.7,8.7,1,1,0.99,
1719055800,16.59,8.21,1,1,0.99,
1719057600,14.88,7.44,1,1,0.99,
1719059400,13.57,6.85,1,1,0.99,
1719061200,12.6,6.42,1,1,0.99,
1719063000,12.6,6.42,1,1,0.99,
1719064800,12.6,6.42,1,0,0.99,
1719066600,12.6,6.42,1,1,0.99,
1719068400,27.3,12.69,1,1,0.99,
1719070200,28.66,13.3,1,1,0.99,
1719072000,27.72,12.88,1,1,0.99,
1719073800,32.13,14.85,1,1,0.99,
1719075600,33.6,15.51,1,1,0.99,
1719077400,33.6,15.51,1,1,0.99,
1719079200,19.74,9.62,1,1,0.99,
1719081000,19.74,9.62,1,1,0.99,
1719082800,19.4,9.46,1,0,0.99,
1719084600,18.69,9.15,1,1,0.99,
1719086400,18.86,9.22,1,1,0.99,
1719088200,17.91,8.8,1,1,0.99,
1719090000,16.13,8.0,1,1,0.99,
1719091800,14.7,7.36,1,1,0.99,
1719093600,17.22,8.49,1,1,0.99,
1719095400,18.06,8.86,1,1,0.99,
1719097200,14.7,7.36,1,1,0.99,
1719099000,14.7,7.36,1,1,0.99,
1719100800,15.79,7.85,1,0,0.99,
1719102600,15.67,7.79,1,1,0.99,
1719104400,15.44,7.69,1,1,0.99,
1719106200,13.86,6.98,1,1,0.99,
1719108000,14.28,7.17,1,1,0.99,
1719109800,14.8,7.41,1,1,0.99,
1719111600,15.75,7.83,1,1,0.99,
1719113400,14.57,7.3,1,1,0.99,
1719115200,14.95,7.47,1,1,0.99,
1719117000,15.44,7.69,1,1,0.99,
1719118800,13.94,7.02,1,0,0.99,
1719120600,13.65,6.89,1,1,0.99,
1719122400,12.16,6.22,1,19,1.17,
1719124200,13.65,6.89,1,1,1.17,
1719126000,13.86,6.98,1,1,1.17,
1719127800,15.12,7.55,1,1,1.17,
1719129600,15.75,7.83,1,1,1.17,
1719131400,14.09,7.09,1,1,1.17,
1719133200,15.44,7.69,1,1,1.17,
1719135000,16.55,8.19,1,1,1.17,
1719136800,17.64,8.68,1,0,1.17,
1719138600,17.43,8.58,1,1,1.17,
1719140400,18.46,9.04,1,1,1.17,
1719142200,18.08,8.87,1,1,1.17,
1719144000,17.32,8.54,1,1,1.17,
1719145800,15.86,7.88,1,1,1.17,
1719147600,15.41,7.68,1,1,1.17,
1719149400,15.96,7.92,1,1,1.17,
1719151200,15.96,7.92,1,1,1.17,
1719153000,16.07,7.97,1,1,1.16,
1719154800,31.56,14.6,1,0,1.16,
1719156600,31.08,14.38,1,1,1.08,
1719158400,32.09,14.83,1,1,1.08,
1719160200,32.76,15.13,1,1,1.08,
1719162000,32.0,14.8,1,1,1.08,
1719163800,31.92,14.76,1,1,1.08,
1719165600,19.84,9.66,1,1,1.08,
1719167400,18.67,9.14,1,1,1.08,
1719169200,21.0,10.18,1,1,1.08,
1719171000,20.5,9.95,1,1,1.08,
1719172800,20.83,10.1,1,0,1.08,
1719174600,19.95,9.71,1,1,1.08,
1719176400,19.13,9.34,1,1,1.08,
1719178200,15.48,7.71,1,1,1.08,
1719180000,16.8,8.3,1,1,1.08,
1719181800,17.81,8.75,1,1,1.08,
1719183600,16.8,8.3,1,1,1.08,
1719185400,15.86,7.88,1,1,1.08,
1719187200,15.33,7.64,1,1,1.08,
1719189000,15.17,7.57,1,1,1.08,
1719190800,14.7,7.36,1,0,1.08,
1719192600,14.7,7.36,1,1,1.08,
1719194400,15.31,7.63,1,1,1.08,
1719196200,14.55,7.29,1,1,1.08,
1719198000,15.67,7.79,1,1,1.08,
1719199800,15.39,7.67,1,1,1.08,
1719201600,16.8,8.3,1,1,1.08,
1719203400,17.64,8.68,1,1,1.08,
1719205200,18.8,9.19,1,1,1.08,
1719207000,19.68,9.59,1,1,1.08,
1719208800,16.8,8.3,1,0,1.08,
1719210600,19.57,9.54,1,1,1.08,
1719212400,19.11,9.33,1,1,1.08,
1719214200,18.78,9.19,1,1,1.08,
1719216000,18.48,9.05,1,1,1.08,
1719217800,16.74,8.27,1,1,1.08,
1719219600,15.98,7.93,1,1,1.08,
1719221400,16.38,8.11,1,1,1.08,
1719223200,16.88,8.34,1,1,1.08,
1719225000,16.13,8.0,1,1,1.08,
1719226800,16.8,8.3,1,0,1.08,
1719228600,16.34,8.09,1,1,1.08,
1719230400,15.54,7.74,1,1,1.08,
1719232200,15.46,7.7,1,1,1.08,
1719234000,14.68,7.35,1,1,1.08,
1719235800,14.47,7.26,1,1,1.08,
1719237600,15.12,7.55,1,1,1.08,
1719239400,15.12,7.55,1,1,1.08,
1719241200,29.65,13.74,1,1,1.08,
1719243000,30.16,13.97,1,1,1.08,
1719244800,31.21,14.44,1,0,1.08,
1719246600,31.84,14.72,1,1,1.08,
1719248400,37.38,17.2,1,1,1.08,
1719250200,36.96,17.01,1,1,1.08,
1719252000,23.1,11.12,1,1,1.08,
1719253800,22.51,10.86,1,1,1.08,
1719255600,22.47,10.84,1,1,1.08,
1719257400,22.01,10.63,1,1,1.08,
1719259200,21.0,10.18,1,1,1.08,
1719261000,20.0,9.73,1,1,1.08,
1719262800,16.97,8.38,1,0,1.08,
1719264600,15.46,7.7,1,1,1.08,
1719266400,16.09,7.98,1,1,1.08,
1719268200,15.75,7.83,1,1,1.08,
1719270000,14.18,7.12,1,1,1.08,
1719271800,13.86,6.98,1,1,1.08,
1719273600,14.18,7.12,1,1,1.08,
1719275400,14.53,7.28,1,1,1.08,
1719277200,14.18,7.12,1,1,1.08,
1719279000,14.07,7.08,1,1,1.08,
1719280800,13.23,6.7,1,0,1.08,
1719282600,12.68,6.46,1,1,1.08,
1719284400,16.44,8.14,1,1,1.08,
1719286200,15.22,7.6,1,1,1.08,
1719288000,17.86,8.77,1,1,1.08,
1719289800,16.8,8.3,1,1,1.08,
1719291600,19.95,9.71,1,1,1.08,
1719293400,22.07,10.66,1,1,1.08,
1719295200,18.67,9.14,1,1,1.08,
1719297000,22.68,10.93,1,1,1.08,
1719298800,19.32,9.43,1,0,1.08,
1719300600,18.21,8.93,1,1,1.08,
1719302400,18.4,9.01,1,1,0.9,
1719304200,16.8,8.3,1,1,0.9,
1719306000,15.18,7.58,1,1,0.9,
1719307800,14.91,7.45,1,1,0.9,
1719309600,15.44,7.69,1,1,0.9,
1719311400,15.39,7.67,1,1,0.9,
1719313200,15.64,7.78,1,1,0.9,
1719315000,15.46,7.7,1,1,0.9,
1719316800,15.29,7.62,1,0,0.9,
1719318600,15.18,7.58,1,1,0.9,
1719320400,15.1,7.54,1,1,0.9,
1719322200,15.14,7.56,1,1,0.9,
1719324000,15.18,7.58,1,1,0.9,
1719325800,15.88,7.89,1,1,0.9,
1719327600,30.81,14.26,1,1,0.9,
1719329400,32.93,15.21,1,1,0.9,
1719331200,32.55,15.04,1,1,0.9,
1719333000,34.29,15.82,1,1,0.9,
1719334800,36.94,17.0,1,0,0.9,
1719336600,36.69,16.89,1,1,0.9,
1719338400,24.28,11.65,1,1,0.9,
1719340200,23.65,11.36,1,1,0.9,
1719342000,22.18,10.71,1,1,0.9,
1719343800,21.23,10.28,1,1,0.9,
1719345600,19.89,9.68,1,1,0.9,
1719347400,18.9,9.24,1,1,0.9,
1719349200,17.85,8.77,1,1,0.9,
1719351000,15.73,7.82,1,1,0.9,
1719352800,18.69,9.15,1,0,0.9,
1719354600,18.9,9.24,1,1,0.9,
1719356400,17.22,8.49,1,1,0.9,
1719358200,16.79,8.3,1,1,0.9,
1719360000,16.43,8.14,1,1,0.9,
1719361800,16.75,8.28,1,1,0.9,
1719363600,17.18,8.47,1,1,0.9,
1719365400,15.96,7.92,1,1,0.9,
1719367200,16.8,8.3,1,1,0.9,
1719369000,15.96,7.92,1,1,0.9,
1719370800,17.35,8.54,1,0,0.9,
1719372600,15.79,7.85,1,1,0.9,
1719374400,17.81,8.75,1,1,0.9,
1719376200,18.48,9.05,1,1,0.9,
1719378000,20.37,9.9,1,1,0.9,
1719379800,22.87,11.02,1,1,0.9,
1719381600,20.16,9.8,1,1,0.9,
1719383400,22.51,10.86,1,1,0.9,
1719385200,19.95,9.71,1,1,0.9,
1719387000,19.32,9.43,1,1,0.9,
1719388800,18.48,9.05,1,0,0.9,
1719390600,16.91,8.35,1,1,0.9,
1719392400,16.19,8.03,1,1,0.9,
1719394200,15.54,7.74,1,1,0.9,
1719396000,15.12,7.55,1,1,0.9,
1719397800,14.36,7.21,1,1,0.9,
1719399600,14.76,7.39,1,1,0.9,
1719401400,13.76,6.94,1,1,0.9,
1719403200,14.28,7.17,1,1,0.9,
1719405000,13.9,7.0,1,1,0.9,
1719406800,14.44,7.24,1,0,0.9,
1719408600,13.96,7.03,1,1,0.9,
1719410400,14.18,7.12,1,1,0.9,
1719412200,14.62,7.32,1,1,0.9,
1719414000,30.45,14.1,1,1,0.9,
1719415800,31.63,14.63,1,1,0.9,
1719417600,32.87,15.18,1,1,0.9,
1719419400,33.08,15.28,1,1,0.9,
1719421200,37.27,17.16,1,1,0.9,
1719423000,37.17,17.11,1,1,0.9,
1719424800,24.02,11.53,1,0,0.9,
1719426600,23.1,11.12,1,1,0.9,
1719428400,22.68,10.93,1,1,0.9,
1719430200,20.92,10.14,1,1,0.9,
1719432000,20.53,9.97,1,1,0.9,
1719433800,18.96,9.27,1,1,0.9,
1719435600,19.15,9.35,1,1,0.9,
1719437400,15.28,7.62,1,1,0.9,
1719439200,16.76,8.28,1,1,0.9,
1719441000,17.92,8.8,1,1,0.9,
1719442800,15.96,7.92,1,0,0.9,
1719444600,16.55,8.19,1,1,0.9,
1719446400,14.74,7.38,1,1,0.9,
1719448200,14.49,7.27,1,1,0.9,
1719450000,13.42,6.79,1,1,0.9,
1719451800,11.78,6.05,1,1,0.9,
1719453600,11.87,6.09,1,1,0.9,
1719455400,12.26,6.27,1,1,0.9,
1719457200,12.81,6.51,1,1,0.9,
1719459000,11.55,5.95,1,2,0.91,
1719460800,11.42,5.89,1,0,0.91,
1719462600,13.48,6.81,1,1,0.91,
1719464400,18.08,8.87,1,1,0.91,
1719466200,20.5,9.95,1,1,0.91,
1719468000,18.06,8.86,1,1,0.91,
1719469800,20.16,9.8,1,1,0.91,
1719471600,16.65,8.23,1,1,0.91,
1719473400,15.33,7.64,1,1,0.91,
1719475200,13.23,6.7,1,1,0.91,
1719477000,10.5,5.48,1,2,0.92,
1719478800,9.45,5.01,1,0,0.92,
1719480600,8.4,4.54,1,1,0.92,
1719482400,7.17,3.99,1,1,0.92,
1719484200,5.88,3.41,1,1,0.92,
1719486000,4.2,2.66,1,1,0.92,
1719487800,3.15,2.19,1,1,0.92,
1719489600,2.52,1.91,1,1,0.92,
1719491400,1.68,1.53,1,2,0.93,
1719493200,2.52,1.91,1,1,0.93,
1719495000,1.68,1.53,1,1,0.93,
1719496800,1.61,1.5,1,2,0.95,
1719498600,3.46,2.33,1,1,0.95,
1719500400,19.53,9.21,1,1,0.95,
1719502200,23.1,10.81,1,1,0.95,
1719504000,25.12,11.71,1,1,0.95,
1719505800,26.98,12.55,1,1,0.95,
1719507600,29.24,13.56,1,1,0.95,
1719509400,29.59,13.71,1,1,0.95,
1719511200,17.47,8.6,1,1,0.95,
1719513000,17.22,8.49,1,1,0.95,
1719514800,17.64,8.68,1,1,0.96,
1719516600,15.96,7.92,1,1,0.96,
1719518400,16.84,8.32,1,1,0.96,
1719520200,15.75,7.83,1,1,0.96,
1719522000,15.22,7.6,1,1,0.96,
1719523800,11.76,6.04,1,1,0.96,
1719525600,6.41,3.65,1,1,0.96,
1719527400,4.16,2.64,1,1,0.96,
1719529200,3.49,2.34,1,1,0.96,
1719531000,1.95,1.65,1,1,0.96,
1719532800,1.16,1.3,1,1,0.97,
1719534600,1.47,1.44,1,1,0.97,
1719536400,1.85,1.61,1,1,0.97,
1719538200,1.01,1.23,1,1,0.97,
1719540000,1.24,1.33,1,1,0.97,
1719541800,1.07,1.26,1,1,0.97,
1719543600,2.56,1.93,1,1,0.97,
1719545400,1.72,1.55,1,1,0.97,
1719547200,0.67,1.08,1,2,0.98,
1719549000,2.06,1.7,1,1,0.98,
1719550800,3.78,2.47,1,1,0.99,
1719552600,8.27,4.48,1,1,0.99,
1719554400,5.25,3.13,1,1,0.99,
1719556200,9.45,5.01,1,1,0.99,
1719558000,4.45,2.77,1,1,0.99,
1719559800,4.54,2.81,1,1,0.99,
1719561600,2.1,1.72,1,1,0.99,
1719563400,0.9,1.18,1,1,0.99,
1719565200,0.21,0.88,1,2,1.0,
1719567000,1.05,1.25,1,1,1.0,
1719568800,0.0,0.78,1,1,1.01,
1719570600,0.13,0.84,1,1,1.01,
1719572400,0.21,0.87,1,1,1.01,
1719574200,0.42,0.97,1,1,1.01,
1719576000,0.04,0.8,1,1,1.01,
1719577800,0.0,0.78,1,1,1.01,
1719579600,0.44,0.98,1,1,1.01,
1719581400,-1.05,0.31,1,1,1.01,
1719583200,-2.7,0.0,1,17,1.17,
1719585000,0.94,1.2,1,1,1.17,
1719586800,14.5,6.96,1,1,1.18,
1719588600,19.51,9.2,1,1,1.18,
1719590400,21.21,9.96,1,1,1.18,
1719592200,24.19,11.3,1,1,1.18,
1719594000,28.74,13.33,1,1,1.18,
1719595800,30.45,14.1,1,1,1.18,
1719597600,17.3,8.53,1,1,1.18,
1719599400,18.11,8.89,1,1,1.18,
1719601200,19.51,9.51,1,1,1.18,
1719603000,19.82,9.65,1,1,1.18,
1719604800,20.37,9.9,1,1,1.19,
1719606600,20.37,9.9,1,1,1.19,
1719608400,20.37,9.9,1,1,1.19,
1719610200,18.9,9.24,1,1,1.19,
1719612000,18.9,9.24,1,1,1.19,
1719613800,19.64,9.57,1,1,1.19,
1719615600,19.15,9.35,1,1,1.19,
1719617400,19.95,9.71,1,1,1.19,
1719619200,19.32,9.43,1,1,1.19,
1719621000,19.59,9.55,1,1,1.19,
1719622800,17.6,8.66,1,1,1.2,
1719624600,16.38,8.11,1,1,1.2,
1719626400,17.43,8.58,1,1,1.2,
1719628200,16.8,8.3,1,1,1.2,
1719630000,17.26,8.51,1,1,1.2,
1719631800,15.33,7.64,1,1,1.2,
1719633600,17.14,8.45,1,1,1.2,
1719635400,17.43,8.58,1,1,1.2,
1719637200,14.16,7.12,1,1,1.2,
1719639000,17.64,8.68,1,1,1.19,
1719640800,14.45,7.25,1,1,1.2,
1719642600,15.75,7.83,1,1,1.2,
1719644400,17.43,8.58,1,1,1.2,
1719646200,18.27,8.96,1,1,1.2,
1719648000,18.8,9.19,1,1,1.2,
1719649800,18.9,9.24,1,1,1.2,
1719651600,18.48,9.05,1,1,1.2,
1719653400,16.91,8.35,1,1,1.2,
1719655200,16.38,8.11,1,1,1.2,
1719657000,15.96,7.92,1,1,1.19,
1719658800,14.7,7.36,1,1,1.2,
1719660600,14.05,7.07,1,1,1.2,
1719662400,13.44,6.8,1,1,1.2,
1719664200,11.55,5.95,1,1,1.2,
1719666000,11.34,5.86,1,1,1.2,
1719667800,11.34,5.86,1,1,1.2,
1719669600,13.0,6.6,1,1,1.2,
1719671400,12.49,6.37,1,1,1.19,
1719673200,29.61,13.72,1,1,1.19,
1719675000,29.4,13.63,1,1,1.19,
1719676800,31.08,14.38,1,1,1.18,
1719678600,31.84,14.72,1,1,1.18,
1719680400,35.2,16.22,1,1,1.18,
1719682200,35.53,16.37,1,1,1.18,
1719684000,21.63,10.46,1,1,1.18,
1719685800,21.22,10.28,1,1,1.18,
1719687600,19.74,9.62,1,1,1.18,
1719689400,20.08,9.77,1,1,1.18,
1719691200,19.26,9.4,1,1,1.18,
1719693000,18.27,8.96,1,1,1.18,
1719694800,17.59,8.65,1,1,1.18,
1719696600,15.96,7.92,1,1,1.18,
1719698400,16.59,8.21,1,1,1.18,
1719700200,16.65,8.23,1,1,1.18,
1719702000,16.15,8.01,1,1,1.18,
1719703800,16.38,8.11,1,1,1.18,
1719705600,16.36,8.1,1,1,1.18,
1719707400,16.17,8.02,1,1,1.18,
1719709200,15.54,7.74,1,1,1.18,
1719711000,14.47,7.26,1,1,1.18,
1719712800,13.65,6.89,1,1,1.18,
1719714600,13.02,6.61,1,1,1.18,
1719716400,12.73,6.48,1,1,1.18,
1719718200,11.05,5.72,1,1,1.18,
1719720000,9.64,5.09,1,1,1.18,
1719721800,9.24,4.92,1,1,1.18,
1719723600,8.48,4.58,1,1,1.18,
1719725400,9.1,4.85,1,1,1.18,
1719727200,8.17,4.44,1,1,1.17,
1719729000,9.1,4.85,1,1,1.17,
1719730800,10.92,5.67,1,1,1.17,
1719732600,12.18,6.23,1,1,1.17,
1719734400,14.86,7.43,1,1,1.17,
1719736200,15.75,7.83,1,1,1.17,
1719738000,16.38,8.11,1,1,1.17,
1719739800,16.55,8.19,1,1,1.17,
1719741600,16.38,8.11,1,1,1.17,
1719743400,16.38,8.11,1,1,1.17,
1719745200,17.2,8.48,1,1,1.16,
1719747000,16.38,8.11,1,1,1.16,
1719748800,16.8,8.3,1,1,1.16,
1719750600,16.38,8.11,1,1,1.16,
1719752400,16.59,8.21,1,1,1.16,
1719754200,16.38,8.11,1,1,1.16,
1719756000,15.98,7.93,1,1,1.16,
1719757800,16.38,8.11,1,1,1.16,
1719759600,30.53,14.14,1,1,1.16,
1719761400,30.81,14.26,1,1,1.16,
1719763200,32.23,14.9,1,1,1.0,
1719765000,32.19,14.88,1,1,1.0,
1719766800,31.92,14.76,1,1,1.0,
1719768600,32.66,15.09,1,1,1.0,
1719770400,19.74,9.62,1,1,1.0,
1719772200,19.05,9.31,1,1,1.0,
1719774000,19.72,9.61,1,1,1.0,
1719775800,18.48,9.05,1,1,1.0,
1719777600,20.18,9.81,1,1,1.0,
1719779400,19.74,9.62,1,1,1.0,
1719781200,19.53,9.52,1,1,1.0,
1719783000,17.43,8.58,1,1,1.0,
1719784800,16.59,8.21,1,1,1.0,
1719786600,17.22,8.49,1,1,1.0,
1719788400,17.28,8.52,1,1,1.0,
1719790200,16.25,8.06,1,1,1.0,
1719792000,14.86,7.43,1,1,1.0,
1719793800,14.52,7.28,1,1,1.0,
1719795600,14.29,7.18,1,1,1.0,
1719797400,13.86,6.98,1,1,1.0,
1719799200,14.64,7.33,1,1,1.0,
1719801000,14.18,7.12,1,1,1.0,
1719802800,14.11,7.1,1,1,1.0,
1719804600,13.65,6.89,1,1,1.0,
1719806400,15.75,7.83,1,1,1.0,
1719808200,16.91,8.35,1,1,1.0,
1719810000,16.8,8.3,1,1,1.0,
1719811800,18.69,9.14,1,1,1.0,
1719813600,18.9,9.24,1,1,1.0,
1719815400,20.39,9.91,1,1,1.0,
1719817200,19.07,9.32,1,1,1.0,
1719819000,19.03,9.3,1,1,1.0,
1719820800,18.98,9.28,1,1,1.0,
1719822600,18.77,9.18,1,1,1.0,
1719824400,18.27,8.96,1,1,1.0,
1719826200,16.97,8.38,1,1,1.0,
1719828000,18.31,8.98,1,1,1.0,
1719829800,18.0,8.84,1,1,1.0,
1719831600,18.09,8.88,1,1,1.0,
1719833400,17.22,8.49,1,1,1.0,
1719835200,15.54,7.74,1,1,1.0,
1719837000,15.33,7.64,1,1,1.0,
1719838800,15.04,7.51,1,1,1.0,
1719840600,14.7,7.36,1,1,1.0,
1719842400,13.5,6.82,1,1,1.0,
1719844200,14.07,7.08,1,1,1.0,
1719846000,28.92,13.41,1,1,1.0,
1719847800,30.28,14.02,1,1,1.0,
1719849600,30.06,13.93,1,1,1.0,
1719851400,31.02,14.35,1,1,1.0,
1719853200,33.23,15.35,1,1,1.0,
1719855000,33.15,15.31,1,1,1.0,
1719856800,19.53,9.52,1,1,1.0,
1719858600,18.92,9.25,1,1,1.0,
1719860400,19.53,9.52,1,1,1.0,
1719862200,18.14,8.9,1,1,1.0,
1719864000,18.15,8.9,1,1,1.0,
1719865800,17.26,8.51,1,1,1.0,
1719867600,17.85,8.77,1,1,1.0,
1719869400,15.39,7.67,1,1,1.0,
